wavelength_nm,relative_transmission_db
1540.000,-28.000000
1540.025,-28.000000
1540.050,-28.000000
1540.075,-28.000000
1540.100,-28.000000
1540.125,-28.000000
1540.150,-28.000000
1540.175,-28.000000
1540.200,-28.000000
1540.225,-28.000000
1540.250,-28.000000
1540.275,-28.000000
1540.300,-28.000000
1540.325,-28.000000
1540.350,-28.000000
1540.375,-28.000000
1540.400,-28.000000
1540.425,-28.000000
1540.450,-28.000000
1540.475,-28.000000
1540.500,-28.000000
1540.525,-28.000000
1540.550,-28.000000
1540.575,-28.000000
1540.600,-28.000000
1540.625,-28.000000
1540.650,-28.000000
1540.675,-28.000000
1540.700,-28.000000
1540.725,-28.000000
1540.750,-28.000000
1540.775,-28.000000
1540.800,-28.000000
1540.825,-28.000000
1540.850,-28.000000
1540.875,-28.000000
1540.900,-28.000000
1540.925,-28.000000
1540.950,-28.000000
1540.975,-28.000000
1541.000,-28.000000
1541.025,-28.000000
1541.050,-28.000000
1541.075,-28.000000
1541.100,-28.000000
1541.125,-28.000000
1541.150,-28.000000
1541.175,-28.000000
1541.200,-28.000000
1541.225,-28.000000
1541.250,-28.000000
1541.275,-28.000000
1541.300,-28.000000
1541.325,-28.000000
1541.350,-28.000000
1541.375,-28.000000
1541.400,-28.000000
1541.425,-28.000000
1541.450,-28.000000
1541.475,-28.000000
1541.500,-28.000000
1541.525,-28.000000
1541.550,-27.999999
1541.575,-27.999998
1541.600,-27.999997
1541.625,-27.999995
1541.650,-27.999992
1541.675,-27.999986
1541.700,-27.999976
1541.725,-27.999959
1541.750,-27.999931
1541.775,-27.999885
1541.800,-27.999812
1541.825,-27.999694
1541.850,-27.999508
1541.875,-27.999218
1541.900,-27.998768
1541.925,-27.998080
1541.950,-27.997038
1541.975,-27.995477
1542.000,-27.993162
1542.025,-27.989767
1542.050,-27.984843
1542.075,-27.977777
1542.100,-27.967749
1542.125,-27.953669
1542.150,-27.934119
1542.175,-27.907270
1542.200,-27.870805
1542.225,-27.821828
1542.250,-27.756779
1542.275,-27.671350
1542.300,-27.560425
1542.325,-27.418029
1542.350,-27.237327
1542.375,-27.010664
1542.400,-26.729668
1542.425,-26.385421
1542.450,-25.968720
1542.475,-25.470419
1542.500,-24.881857
1542.525,-24.195376
1542.550,-23.404890
1542.575,-22.506508
1542.600,-21.499160
1542.625,-20.385193
1542.650,-19.170893
1542.675,-17.866883
1542.700,-16.488346
1542.725,-15.055035
1542.750,-13.591047
1542.775,-12.124318
1542.800,-10.685865
1542.825,-9.308781
1542.850,-8.027020
1542.875,-6.874036
1542.900,-5.881349
1542.925,-5.077122
1542.950,-4.484832
1542.975,-4.122137
1543.000,-4.000000
1543.025,-4.122137
1543.050,-4.484832
1543.075,-5.077122
1543.100,-5.881349
1543.125,-6.874036
1543.150,-8.027020
1543.175,-9.308781
1543.200,-10.685865
1543.225,-12.124318
1543.250,-13.591047
1543.275,-15.055035
1543.300,-16.488346
1543.325,-17.866883
1543.350,-19.170893
1543.375,-20.385193
1543.400,-21.499160
1543.425,-22.506508
1543.450,-23.404890
1543.475,-24.195376
1543.500,-24.881857
1543.525,-25.470419
1543.550,-25.968720
1543.575,-26.385421
1543.600,-26.729668
1543.625,-27.010664
1543.650,-27.237327
1543.675,-27.418029
1543.700,-27.560425
1543.725,-27.671350
1543.750,-27.756779
1543.775,-27.821828
1543.800,-27.870805
1543.825,-27.907270
1543.850,-27.934119
1543.875,-27.953669
1543.900,-27.967749
1543.925,-27.977777
1543.950,-27.984843
1543.975,-27.989767
1544.000,-27.993162
1544.025,-27.995477
1544.050,-27.997038
1544.075,-27.998080
1544.100,-27.998768
1544.125,-27.999218
1544.150,-27.999508
1544.175,-27.999694
1544.200,-27.999812
1544.225,-27.999885
1544.250,-27.999931
1544.275,-27.999959
1544.300,-27.999976
1544.325,-27.999986
1544.350,-27.999992
1544.375,-27.999995
1544.400,-27.999997
1544.425,-27.999998
1544.450,-27.999999
1544.475,-28.000000
1544.500,-28.000000
1544.525,-28.000000
1544.550,-28.000000
1544.575,-28.000000
1544.600,-28.000000
1544.625,-28.000000
1544.650,-28.000000
1544.675,-28.000000
1544.700,-28.000000
1544.725,-28.000000
1544.750,-28.000000
1544.775,-28.000000
1544.800,-28.000000
1544.825,-28.000000
1544.850,-28.000000
1544.875,-28.000000
1544.900,-28.000000
1544.925,-28.000000
1544.950,-28.000000
1544.975,-28.000000
1545.000,-28.000000
1545.025,-28.000000
1545.050,-28.000000
1545.075,-28.000000
1545.100,-28.000000
1545.125,-27.999999
1545.150,-27.999999
1545.175,-27.999998
1545.200,-27.999998
1545.225,-27.999996
1545.250,-27.999994
1545.275,-27.999991
1545.300,-27.999986
1545.325,-27.999979
1545.350,-27.999968
1545.375,-27.999952
1545.400,-27.999929
1545.425,-27.999895
1545.450,-27.999845
1545.475,-27.999774
1545.500,-27.999671
1545.525,-27.999525
1545.550,-27.999319
1545.575,-27.999029
1545.600,-27.998623
1545.625,-27.998061
1545.650,-27.997285
1545.675,-27.996223
1545.700,-27.994777
1545.725,-27.992822
1545.750,-27.990196
1545.775,-27.986693
1545.800,-27.982048
1545.825,-27.975932
1545.850,-27.967930
1545.875,-27.957530
1545.900,-27.944104
1545.925,-27.926887
1545.950,-27.904955
1545.975,-27.877204
1546.000,-27.842327
1546.025,-27.798789
1546.050,-27.744810
1546.075,-27.678342
1546.100,-27.597056
1546.125,-27.498335
1546.150,-27.379270
1546.175,-27.236673
1546.200,-27.067095
1546.225,-26.866859
1546.250,-26.632116
1546.275,-26.358905
1546.300,-26.043241
1546.325,-25.681217
1546.350,-25.269123
1546.375,-24.803584
1546.400,-24.281707
1546.425,-23.701241
1546.450,-23.060741
1546.475,-22.359733
1546.500,-21.598870
1546.525,-20.780072
1546.550,-19.906652
1546.575,-18.983402
1546.600,-18.016647
1546.625,-17.014261
1546.650,-15.985621
1546.675,-14.941523
1546.700,-13.894031
1546.725,-12.856284
1546.750,-11.842239
1546.775,-10.866383
1546.800,-9.943394
1546.825,-9.087787
1546.850,-8.313535
1546.875,-7.633692
1546.900,-7.060031
1546.925,-6.602702
1546.950,-6.269935
1546.975,-6.067797
1547.000,-6.000000
1547.025,-6.067797
1547.050,-6.269935
1547.075,-6.602702
1547.100,-7.060031
1547.125,-7.633692
1547.150,-8.313535
1547.175,-9.087787
1547.200,-9.943394
1547.225,-10.866383
1547.250,-11.842239
1547.275,-12.856284
1547.300,-13.894031
1547.325,-14.941523
1547.350,-15.985621
1547.375,-17.014261
1547.400,-18.016647
1547.425,-18.983402
1547.450,-19.906652
1547.475,-20.780072
1547.500,-21.598870
1547.525,-22.359733
1547.550,-23.060741
1547.575,-23.701241
1547.600,-24.281707
1547.625,-24.803584
1547.650,-25.269123
1547.675,-25.681217
1547.700,-26.043241
1547.725,-26.358905
1547.750,-26.632116
1547.775,-26.866859
1547.800,-27.067095
1547.825,-27.236673
1547.850,-27.379270
1547.875,-27.498335
1547.900,-27.597056
1547.925,-27.678342
1547.950,-27.744810
1547.975,-27.798789
1548.000,-27.842327
1548.025,-27.877204
1548.050,-27.904955
1548.075,-27.926887
1548.100,-27.944104
1548.125,-27.957530
1548.150,-27.967930
1548.175,-27.975932
1548.200,-27.982048
1548.225,-27.986693
1548.250,-27.990196
1548.275,-27.992822
1548.300,-27.994777
1548.325,-27.996223
1548.350,-27.997285
1548.375,-27.998061
1548.400,-27.998623
1548.425,-27.999029
1548.450,-27.999319
1548.475,-27.999525
1548.500,-27.999671
1548.525,-27.999774
1548.550,-27.999845
1548.575,-27.999895
1548.600,-27.999929
1548.625,-27.999952
1548.650,-27.999968
1548.675,-27.999979
1548.700,-27.999986
1548.725,-27.999991
1548.750,-27.999994
1548.775,-27.999996
1548.800,-27.999998
1548.825,-27.999998
1548.850,-27.999999
1548.875,-27.999999
1548.900,-28.000000
1548.925,-28.000000
1548.950,-28.000000
1548.975,-28.000000
1549.000,-28.000000
1549.025,-28.000000
1549.050,-28.000000
1549.075,-28.000000
1549.100,-28.000000
1549.125,-28.000000
1549.150,-28.000000
1549.175,-28.000000
1549.200,-28.000000
1549.225,-28.000000
1549.250,-28.000000
1549.275,-28.000000
1549.300,-28.000000
1549.325,-28.000000
1549.350,-28.000000
1549.375,-28.000000
1549.400,-28.000000
1549.425,-28.000000
1549.450,-28.000000
1549.475,-28.000000
1549.500,-28.000000
1549.525,-28.000000
1549.550,-28.000000
1549.575,-28.000000
1549.600,-28.000000
1549.625,-28.000000
1549.650,-28.000000
1549.675,-28.000000
1549.700,-28.000000
1549.725,-28.000000
1549.750,-28.000000
1549.775,-28.000000
1549.800,-28.000000
1549.825,-28.000000
1549.850,-28.000000
1549.875,-28.000000
1549.900,-28.000000
1549.925,-28.000000
1549.950,-28.000000
1549.975,-28.000000
1550.000,-28.000000
